<?xml version="1.0" encoding="UTF-8"?>
<window>
	<defaultcontrol always="true">13</defaultcontrol>
	<include>AnimationDialogPopupWindow</include>
	<controls>
		<control type="group">
			<include content="DialogBackground">
				<param name="width" value="1725"/>
				<param name="height" value="835"/>
				<param name="label">$VAR[PVRChannelMgrLabelVar,, ]$LOCALIZE[19048]</param>
			</include>
			<!-- Visible channels -->
			<include content="GroupManagerList">
				<param name="left" value="20"/>
				<param name="labelid" value="22"/>
				<param name="listid" value="12"/>
				<param name="scrollid" value="60"/>
				<param name="onright" value="11"/>
				<param name="onleft" value="11"/>
			</include>
			<!-- Hidden Channels -->
			<include content="GroupManagerList">
				<param name="left" value="472"/>
				<param name="labelid" value="21"/>
				<param name="listid" value="11"/>
				<param name="scrollid" value="61"/>
				<param name="onright" value="13"/>
				<param name="onleft" value="60"/>
			</include>
			<!-- Channel groups -->
			<control type="group">
				<top>90</top>
				<left>923</left>
				<width>360</width>
				<control type="label">
					<description>name label</description>
					<include>DialogLabel</include>
					<label>$LOCALIZE[19146]</label>
				</control>
				<control type="list" id="13">
					<top>75</top>
					<height>600</height>
					<onright>8000</onright>
					<include content="DialogListDefault">
						<param name="id" value="13"/>
					</include>
				</control>
			</control>
			<control type="image">
				<left>1283</left>
				<include>DialogVerticalSeparator</include>
			</control>
			<!-- Buttons -->
			<control type="grouplist" id="8000">
				<right>50</right>
				<top>100</top>
				<width>380</width>
				<onleft>61</onleft>
				<include content="DialogButtonAction">
					<param name="id">26</param>
					<param name="width">380</param>
					<param name="label">$LOCALIZE[15019] group</param>
				</include>
				<include content="DialogButtonAction">
					<param name="id">27</param>
					<param name="width">380</param>
					<param name="label">$LOCALIZE[118] group</param>
				</include>
				<include content="DialogRadioButtonAction">
					<param name="id">25</param>
					<param name="width">380</param>
					<param name="label">$LOCALIZE[19289]</param>
				</include>
				<include content="DialogButtonAction">
					<param name="id">28</param>
					<param name="width">380</param>
					<param name="label">$LOCALIZE[117] group</param>
				</include>
				<include content="DialogButtonAction">
					<param name="id">35</param>
					<param name="width">380</param>
					<param name="label">$LOCALIZE[13315]</param>
				</include>
				<include content="DialogToggleButtonAction">
					<param name="id">34</param>
					<param name="width">380</param>
					<param name="label">$LOCALIZE[19174]</param>
					<param name="altlabel">$LOCALIZE[19173]</param>
					<param name="usealt">!String.IsEmpty(Window.Property(IsRadio))</param>
				</include>
				<include content="DialogButtonAction">
					<param name="id">29</param>
					<param name="width">380</param>
					<param name="label">$LOCALIZE[186]</param>
				</include>
			</control>
			<!-- Bottom info -->
			<control type="image">
				<include>DialogHorizontalSeparator</include>
			</control>
			<control type="label">
				<include>DialogItemCountLabel</include>
				<label>$INFO[Container(13).NumItems,$LOCALIZE[19146]  ]</label>
			</control>
			<control type="label">
				<left>60</left>
				<align>left</align>
				<width>800</width>
				<include>DialogItemCountLabel</include>
				<label>$INFO[Control.GetLabel(22)]$INFO[Container(12).NumItems,  ]$INFO[Control.GetLabel(21),  -  ]$INFO[Container(11).NumItems,  ]</label>
			</control>
		</control>
	</controls>
</window>