<?xml version="1.0" encoding="UTF-8"?>
<window>
	<defaultcontrol>6</defaultcontrol>
	<include>AnimationDialogPopupWindow</include>
	<controls>
		<control type="group">
			<include content="DialogBackground">
				<description>Window Header Label</description>
				<param name="width" value="953"/>
				<param name="height" value="535"/>
				<param name="id">1</param>
				<param name="diffusetexture">diffuse/rounded10-877x470.png</param>
			</include>
			<!-- Left Side Panel -->
			<control type="grouplist" id="9">
				<left>20</left>
				<top>90</top>
				<width>350</width>
				<height>420</height>
				<onright>60</onright>
				<control type="button" id="7">
					<description>Cancel Button</description>
					<width>350</width>
					<include>DialogButton</include>
				</control>
			</control>
			<control type="image">
				<top>90</top>
				<left>370</left>
				<bottom>71</bottom>
				<width>4</width>
				<texture colordiffuse="$VAR[PanelListSeparatorColorVar]">panels/line-vertical.png</texture>
			</control>
			<control type="image">
				<bottom>70</bottom>
				<left>20</left>
				<right>20</right>
				<height>70</height>
				<texture border="30" colordiffuse="$VAR[PanelListSeparatorColorVar]">buttons/list-select-nofocus.png</texture>
			</control>
			<!-- Color picker panel -->
			<control type="panel" id="6">
				<left>391</left>
				<top>110</top>
				<width>504</width>
				<height>336</height>
				<pagecontrol>60</pagecontrol>
				<onleft>60</onleft>
				<include>ContainerScrollTime</include>
				<viewtype label="100">icon</viewtype>
				<itemlayout height="84" width="84">
					<control type="image">
						<width>84</width>
						<height>84</height>
						<bordersize>1</bordersize>
						<texture colordiffuse="$INFO[ListItem.Label2]">colors/white.png</texture>
					</control>
				</itemlayout>
				<focusedlayout height="84" width="84">
					<control type="group">
						<animation effect="zoom" time="200" tween="sine" easing="inout" start="100" end="124" center="auto">Focus</animation>
						<control type="image">
							<width>84</width>
							<height>84</height>
							<texture colordiffuse="$INFO[ListItem.Label2]">colors/white.png</texture>
							<bordertexture border="5">colors/black.png</bordertexture>
							<bordersize>5</bordersize>
						</control>
					</control>
				</focusedlayout>
			</control>
			<control type="label">
				<description>Color pallette page counter</description>
				<bottom>21</bottom>
				<right>60</right>
				<width>460</width>
				<height>50</height>
				<align>right</align>
				<font>Font25_Cond</font>
				<textcolor>$VAR[PanelSubTextColorVar]</textcolor>
				<label>$INFO[Container(6).NumItems,, $LOCALIZE[14078]]$INFO[Container(6).CurrentPage, - $LOCALIZE[31000] (]$INFO[Container(6).NumPages,/,)]</label>
			</control>
			<control type="label">
				<description>Selected color label</description>
				<bottom>21</bottom>
				<left>60</left>
				<width>460</width>
				<height>50</height>
				<font>Font25_Cond</font>
				<textcolor>$VAR[PanelSubTextColorVar]</textcolor>
				<label>$INFO[ListItem.Label]$INFO[ListItem.Label2, #]</label>
			</control>
			<control type="scrollbar" id="60">
				<onleft>9</onleft>
				<onright>6</onright>
				<left>350</left>
				<include>DialogScrollBar</include>
			</control>
		</control>
	</controls>
</window>