<?xml version="1.0" encoding="utf-8"?>
<fonts>
	<fontset id="Default" idloc="15109">
		<!-- Regular Fonts (OpenSans-Regular.ttf) -->
		<font>
			<name>Font22_Reg</name>
			<filename>OpenSans-Regular.ttf</filename>
			<size>22</size>
		</font>
		<font>
			<name>Font22_Reg_133</name>
			<filename>OpenSans-Regular.ttf</filename>
			<linespacing>1.33</linespacing>
			<size>22</size>
		</font>
		<font>
			<name>Font20_Reg_0.7</name>
			<filename>OpenSans-Regular.ttf</filename>
			<linespacing>0.7</linespacing>
			<size>20</size>
		</font>
		<font>
			<name>Font23_Reg</name>
			<filename>OpenSans-Regular.ttf</filename>
			<size>23</size>
		</font>
		<font>
			<name>Font25_Reg</name>
			<filename>OpenSans-Regular.ttf</filename>
			<size>25</size>
		</font>
		<font>
			<name>Font26_Reg</name>
			<filename>OpenSans-Regular.ttf</filename>
			<size>26</size>
		</font>
		<font>
			<name>Font28_Reg</name>
			<filename>OpenSans-Regular.ttf</filename>
			<size>28</size>
		</font>
		<font>
			<name>Font28_Reg_105</name>
			<filename>OpenSans-Regular.ttf</filename>
			<linespacing>1.05</linespacing>
			<size>28</size>
		</font>
		<font>
			<name>Font28_Reg_106</name>
			<filename>OpenSans-Regular.ttf</filename>
			<linespacing>1.06</linespacing>
			<size>28</size>
		</font>
		<font>
			<name>Font28_Reg_110</name>
			<filename>OpenSans-Regular.ttf</filename>
			<linespacing>1.10</linespacing>
			<size>28</size>
		</font>
		<font>
			<name>Font28_Reg_112</name>
			<filename>OpenSans-Regular.ttf</filename>
			<linespacing>1.12</linespacing>
			<size>28</size>
		</font>
		<font>
			<name>Font28_Reg_114</name>
			<filename>OpenSans-Regular.ttf</filename>
			<linespacing>1.14</linespacing>
			<size>28</size>
		</font>
		<font>
			<name>Font30_Reg</name>
			<filename>OpenSans-Regular.ttf</filename>
			<size>30</size>
		</font>
		<font>
			<name>Font30_Reg_105</name>
			<filename>OpenSans-Regular.ttf</filename>
			<linespacing>1.05</linespacing>
			<size>30</size>
		</font>
		<font>
			<name>Font32_Reg</name>
			<filename>OpenSans-Regular.ttf</filename>
			<size>32</size>
		</font>
		<font>
			<name>Font34_Reg</name>
			<filename>OpenSans-Regular.ttf</filename>
			<size>34</size>
		</font>
		<font>
			<name>Font36_Reg</name>
			<filename>OpenSans-Regular.ttf</filename>
			<size>36</size>
		</font>
		<font>
			<name>Font36_Reg_11</name>
			<filename>OpenSans-Regular.ttf</filename>
			<linespacing>1.1</linespacing>
			<size>36</size>
		</font>
		<font>
			<name>Font38_Reg</name>
			<filename>OpenSans-Regular.ttf</filename>
			<size>38</size>
		</font>
		<!-- Kodi required fonts (OpenSans-Regular.ttf) -->
		<font>
			<name>font13</name>
			<filename>OpenSans-Regular.ttf</filename>
			<size>30</size>
		</font>
		<!-- Caps Fonts (OpenSans-Regular.ttf) -->
		<font>
			<name>Font30_Caps</name>
			<filename>OpenSans-Regular.ttf</filename>
			<style>uppercase</style>
			<size>28</size>
		</font>
		<!-- Condensed Bold Fonts (OpenSansCond.ttf) -->
		<font>
			<name>Font25_Cond_Bold</name>
			<filename>OpenSansCond.ttf</filename>
			<style>bold</style>
			<size>23</size>
		</font>
		<font>
			<name>Font20_Cond_Bold</name>
			<filename>OpenSansCond.ttf</filename>
			<style>bold</style>
			<size>20</size>
		</font>
		<font>
			<name>Font18_Cond_Bold</name>
			<filename>OpenSansCond.ttf</filename>
			<style>bold</style>
			<size>18</size>
		</font>
		<font>
			<name>Font16_Cond_Bold</name>
			<filename>OpenSansCond.ttf</filename>
			<style>bold</style>
			<size>16</size>
		</font>
		<font>
			<name>Font14_Cond_Bold</name>
			<filename>OpenSansCond.ttf</filename>
			<style>bold</style>
			<size>14</size>
		</font>
		<font>
			<name>Font13_Cond_Bold</name>
			<filename>OpenSansCond.ttf</filename>
			<style>bold</style>
			<size>13</size>
		</font>
		<font>
			<name>Font12_Cond_Bold</name>
			<filename>OpenSansCond.ttf</filename>
			<style>bold</style>
			<size>12</size>
		</font>
		<font>
			<name>Font10_Cond_Bold</name>
			<filename>OpenSansCond.ttf</filename>
			<style>bold</style>
			<size>10</size>
		</font>
		<font>
			<name>Font8_Cond_Bold</name>
			<filename>OpenSansCond.ttf</filename>
			<style>bold</style>
			<size>8</size>
		</font>
		<font>
			<name>Font7_Cond_Bold</name>
			<filename>OpenSansCond.ttf</filename>
			<style>bold</style>
			<size>7</size>
		</font>
		<!-- Condensed Fonts (OpenSansCond.ttf) -->
		<font>
			<name>Font25_Cond</name>
			<filename>OpenSansCond.ttf</filename>
			<size>25</size>
		</font>
		<font>
			<name>Font26_Cond_07</name>
			<filename>OpenSansCond.ttf</filename>
			<linespacing>0.7</linespacing>
			<size>26</size>
		</font>
		<font>
			<name>Font29_Cond</name>
			<filename>OpenSansCond.ttf</filename>
			<size>29</size>
		</font>
		<font>
			<name>Font28_Cond_07</name>
			<filename>OpenSansCond.ttf</filename>
			<linespacing>0.7</linespacing>
			<size>28</size>
		</font>
		<font>
			<name>Font29_Cond_08</name>
			<filename>OpenSansCond.ttf</filename>
			<linespacing>0.8</linespacing>
			<size>29</size>
		</font>
		<!-- Bold Fonts (OpenSans-Bold.ttf) -->
		<font>
			<name>Font25_Bold</name>
			<filename>OpenSans-Bold.ttf</filename>
			<size>25</size>
		</font>
		<font>
			<name>Font28_Bold</name>
			<filename>OpenSans-Bold.ttf</filename>
			<size>28</size>
		</font>
		<font>
			<name>Font30_Bold</name>
			<filename>OpenSans-Bold.ttf</filename>
			<size>30</size>
		</font>
		<font>
			<name>Font32_Bold</name>
			<filename>OpenSans-Bold.ttf</filename>
			<size>32</size>
		</font>
		<font>
			<name>Font33_Bold</name>
			<filename>OpenSans-Bold.ttf</filename>
			<size>33</size>
		</font>
		<font>
			<name>Font38_Bold</name>
			<filename>OpenSans-Bold.ttf</filename>
			<size>40</size>
		</font>
		<font>
			<name>Font44_Bold</name>
			<filename>OpenSans-Bold.ttf</filename>
			<size>44</size>
		</font>
		<font>
			<name>Font80_Bold</name>
			<filename>OpenSans-Bold.ttf</filename>
			<size>80</size>
		</font>
		<!-- Bold Caps Fonts (OpenSans-Bold.ttf) -->
		<font>
			<name>Font26_Bold_Caps</name>
			<filename>OpenSans-Bold.ttf</filename>
			<style>uppercase</style>
			<size>26</size>
		</font>
		<font>
			<name>Font28_Bold_Caps</name>
			<filename>OpenSans-Bold.ttf</filename>
			<style>uppercase</style>
			<size>30</size>
		</font>
		<font>
			<name>Font33_Bold_Caps</name>
			<filename>OpenSans-Bold.ttf</filename>
			<style>uppercase</style>
			<size>33</size>
		</font>
		<font>
			<name>Font36_Bold_Caps</name>
			<filename>OpenSans-Bold.ttf</filename>
			<style>uppercase</style>
			<size>36</size>
		</font>
		<font>
			<name>Font42_Bold_Caps</name>
			<filename>OpenSans-Bold.ttf</filename>
			<style>uppercase</style>
			<size>42</size>
		</font>
		<font>
			<name>Font49_Bold_Caps</name>
			<filename>OpenSans-Bold.ttf</filename>
			<style>uppercase</style>
			<size>49</size>
		</font>
		<font>
			<name>Font80_Bold_Caps</name>
			<filename>OpenSans-Bold.ttf</filename>
			<style>uppercase</style>
			<size>80</size>
		</font>
		<font>
			<name>Font120_Bold_Caps</name>
			<filename>OpenSans-Bold.ttf</filename>
			<style>uppercase</style>
			<size>120</size>
		</font>
		<font>
			<name>Font600_Bold_Caps</name>
			<filename>OpenSans-Bold.ttf</filename>
			<style>uppercase</style>
			<size>300</size>
		</font>
		<!-- Special Fonts -->
		<font>
			<name>Font_MainMenu</name>
			<filename>BebasNeue.ttf</filename>
			<style>uppercase</style>
			<size>108</size>
		</font>
		<font>
			<name>Font_MainMenu_Icons</name>
			<filename>BebasNeue.ttf</filename>
			<aspect>1.4</aspect>
			<style>uppercase bold</style>
			<size>34</size>
		</font>
		<font>
			<name>Font_Flags</name>
			<filename>BebasNeue.ttf</filename>
			<size>25</size>
		</font>
		<font>
			<name>Font28_Icon</name>
			<filename>MaterialDesignIcons.ttf</filename>
			<size>28</size>
		</font>
		<font>
			<name>Font30_Icon</name>
			<filename>MaterialDesignIcons.ttf</filename>
			<size>30</size>
		</font>
		<font>
			<name>Font32_Icon</name>
			<filename>MaterialDesignIcons.ttf</filename>
			<size>32</size>
		</font>
		<font>
			<name>Font40_Icon</name>
			<filename>MaterialDesignIcons.ttf</filename>
			<size>40</size>
		</font>
		<font>
			<name>Font40_Icon1</name>
			<filename>MaterialIcons-Regular.ttf</filename>
			<size>42</size>
		</font>
		<font>
			<name>Font45_Icon</name>
			<filename>MaterialDesignIcons.ttf</filename>
			<size>60</size>
		</font>
		<font>
			<name>Font120_Icon</name>
			<filename>MaterialDesignIcons.ttf</filename>
			<size>180</size>
		</font>
		<!-- Lyrics fonts -->
		<font>
			<name>Font120_Caps_Lyrics</name>
			<filename>OpenSans-Bold.ttf</filename>
			<style>uppercase</style>
			<size>120</size>
		</font>
		<font>
			<name>Font110_Caps_Lyrics</name>
			<filename>OpenSans-Bold.ttf</filename>
			<style>uppercase</style>
			<size>110</size>
		</font>
		<font>
			<name>Font100_Caps_Lyrics</name>
			<filename>OpenSans-Bold.ttf</filename>
			<style>uppercase</style>
			<size>100</size>
		</font>
		<font>
			<name>Font90_Caps_Lyrics</name>
			<filename>OpenSans-Bold.ttf</filename>
			<style>uppercase</style>
			<size>90</size>
		</font>
		<font>
			<name>Font80_Caps_Lyrics</name>
			<filename>OpenSans-Bold.ttf</filename>
			<style>uppercase</style>
			<size>70</size>
		</font>
		<font>
			<name>Font60_Lowercase_Lyrics</name>
			<filename>OpenSans-Bold.ttf</filename>
			<linespacing>0.95</linespacing>
			<style>lowercase</style>
			<size>60</size>
		</font>
		<font>
			<name>Font55_Lowercase_Lyrics</name>
			<filename>OpenSans-Bold.ttf</filename>
			<style>lowercase</style>
			<size>55</size>
		</font>
	</fontset>
</fonts>