<?xml version="1.0" encoding="utf-8"?>
<includes>
	<include name="View505FocusSquare">
		<!-- Video preview -->
		<control type="group">
			<visible>Control.IsVisible(505) + Player.HasVideo + Skin.HasSetting(View505VideoPreviewWindow)</visible>
			<include content="AnimationSlideRightWindow">
				<param name="slide">680</param>
			</include>
			<include content="AnimationSlideRightVisible">
				<param name="slide">680</param>
			</include>
			<top>100</top>
			<right>60</right>
			<width>610</width>
			<height>343</height>
			<control type="image">
				<texture>colors/black.png</texture>
			</control>
			<control type="videowindow"/>
			<control type="image">
				<bordersize>-10</bordersize>
				<texture border="20">thumbs/overlay2.png</texture>
			</control>
		</control>
		<!-- Floor -->
		<include content="Floor">
			<param name="visible">Skin.HasSetting(View505HideFloor) + Control.IsVisible(505)</param>
			<param name="highlight">FloorHighlightRight</param>
		</include>
		<!-- Panel -->
		<include content="View505Panel" condition="!Skin.HasSetting(View505FixedList)">
			<param name="listtype">wraplist</param>
		</include>
		<include content="View505Panel" condition="Skin.HasSetting(View505FixedList)">
			<param name="listtype">fixedlist</param>
		</include>
		<!-- Bottom info/Media flags -->
		<control type="group">
			<visible>Control.IsVisible(505)</visible>
			<include content="AnimationSlideBottomWindow">
				<param name="slide">220</param>
			</include>
			<include content="ViewCoverFlowBottomInfo">
				<param name="left">100</param>
				<param name="right">1000</param>
				<param name="align">left</param>
				<param name="logowidth">482</param>
				<param name="logovisible">View505Logo</param>
			</include>
			<include condition="Window.IsVisible(MyVideoNav.xml)" content="MediaFlagsVideos6">
				<param name="right">100</param>
				<param name="bottom">25</param>
			</include>
			<include condition="Window.IsVisible(MyMusicNav.xml)" content="MediaFlagsAudio">
				<param name="right">100</param>
				<param name="bottom">25</param>
			</include>
		</control>
	</include>
	<!-- Includes panel -->
	<include name="View505Panel">
		<param name="listtype">wraplist</param>
		<definition>
			<control type="group">
				<visible>Control.IsVisible(505)</visible>
				<include content="AnimationSlideBottomWindow">
					<param name="slide">820</param>
				</include>
				<include content="AnimationSlideBottomVisible">
					<param name="slide">820</param>
				</include>
				<control type="$PARAM[listtype]" id="505">
					<animation effect="slide" end="0,30" condition="Container.Content(genres) + System.AddonIsEnabled(resource.images.musicgenreicons.text)">conditional</animation>
					<top>293</top>
					<left>-304</left>
					<width>2224</width>
					<height>1000</height>
					<onup>9050</onup>
					<ondown>60505</ondown>
					<pagecontrol>60505</pagecontrol>
					<focusposition>1</focusposition>
					<orientation>horizontal</orientation>
					<include>ContainerScrollTime</include>
					<viewtype label="$LOCALIZE[31258]">icon</viewtype>
					<itemlayout width="430" height="630" condition="!Skin.HasSetting(View505AlbumCase) | !Container.Content(albums)">
						<control type="group">
							<top>200</top>
							<height>430</height>
							<control type="group">
								<visible>!Skin.HasSetting(View505HideReflect)</visible>
								<top>415</top>
								<height>430</height>
								<include content="ViewArtworkReflect">
									<param name="texturefadetime">0</param>
								</include>
							</control>
							<include content="ViewArtwork">
								<param name="texturefadetime">0</param>
								<param name="diffuse">diffuse/rounded5-410x410.png</param>
							</include>
						</control>
					</itemlayout>
					<focusedlayout width="430" height="630" condition="!Skin.HasSetting(View505AlbumCase) | !Container.Content(albums)">
						<control type="group">
							<top>200</top>
							<height>430</height>
							<animation effect="zoom" start="100" end="117.7" center="auto" time="240">focus</animation>
							<animation effect="zoom" start="117.7" end="100" center="auto" time="240">unfocus</animation>
							<control type="image">
								<visible>Skin.HasSetting(View505DiscArt) + Container.Content(albums)</visible>
								<include>AnimationDiscArtLibrary</include>
								<animation effect="fade" start="0" end="100" time="160">focus</animation>
								<animation effect="fade" start="100" end="0" time="160">unfocus</animation>
								<top>-200</top>
								<height>420</height>
								<bordersize>20</bordersize>
								<aspectratio>keep</aspectratio>
								<texture diffuse="diffuse/disc.png" background="true">$VAR[LibraryAudioDiscArtVar]</texture>
							</control>
							<control type="group">
								<visible>!Skin.HasSetting(View505HideReflect)</visible>
								<top>415</top>
								<height>430</height>
								<include content="ViewArtworkReflect">
									<param name="texturefadetime">0</param>
								</include>
							</control>
							<include content="ViewArtwork">
								<param name="texturefadetime">0</param>
								<param name="diffuse">diffuse/rounded5-410x410.png</param>
							</include>
						</control>
					</focusedlayout>
					<itemlayout width="430" height="630" condition="Skin.HasSetting(View505AlbumCase)">
						<control type="group">
							<top>229</top>
							<height>401</height>
							<control type="group">
								<visible>!Skin.HasSetting(View505HideReflect)</visible>
								<top>386</top>
								<height>401</height>
								<include content="ViewArtworkAudioCaseReflect">
									<param name="texturefadetime">0</param>
								</include>
							</control>
							<include content="ViewArtworkAudioCase">
								<param name="logoheight">53</param>
								<param name="texturefadetime">0</param>
								<param name="bordersize">43,14,14,14</param>
							</include>
						</control>
					</itemlayout>
					<focusedlayout width="430" height="630" condition="Skin.HasSetting(View505AlbumCase) + Container.Content(albums)">
						<control type="group">
							<top>229</top>
							<height>401</height>
							<animation effect="zoom" start="100" end="117.7" center="auto" time="240">focus</animation>
							<animation effect="zoom" start="117.7" end="100" center="auto" time="240">unfocus</animation>
							<control type="image">
								<visible>Skin.HasSetting(View505DiscArt)</visible>
								<include>AnimationDiscArtLibrary</include>
								<animation effect="fade" start="0" end="100" time="160">focus</animation>
								<animation effect="fade" start="100" end="0" time="160">unfocus</animation>
								<top>-185</top>
								<left>33</left>
								<height>401</height>
								<bordersize>20</bordersize>
								<aspectratio>keep</aspectratio>
								<texture diffuse="diffuse/disc.png" background="true">$VAR[LibraryAudioDiscArtVar]</texture>
							</control>
							<control type="group">
								<visible>!Skin.HasSetting(View505HideReflect)</visible>
								<top>386</top>
								<height>401</height>
								<include content="ViewArtworkAudioCaseReflect">
									<param name="texturefadetime">0</param>
								</include>
							</control>
							<include content="ViewArtworkAudioCase">
								<param name="logoheight">53</param>
								<param name="texturefadetime">0</param>
								<param name="bordersize">43,14,14,14</param>
							</include>
						</control>
					</focusedlayout>
				</control>
				<include content="ViewCoverFlowScrollBar">
					<param name="id">505</param>
				</include>
			</control>
		</definition>
	</include>
</includes>